{
    "$schema": "https://schema.management.azure.com/schemas/2015-01-01/deploymentParameters.json#",
    "contentVersion": "1.0.0.0",
    "parameters": {
        "subscriptionId": {
            "value": "41ec95f6-3a2f-4d44-9d5c-caadd1538d59"
        },
        "name": {
            "value": "pnpm-deploy-123"
        },
        "location": {
            "value": "UK South"
        },
        "hostingPlanName": {
            "value": "ASP-ees-98e8"
        },
        "serverFarmResourceGroup": {
            "value": "ees"
        },
        "alwaysOn": {
            "value": false
        },
        "ftpsState": {
            "value": "FtpsOnly"
        },
        "sku": {
            "value": "Basic"
        },
        "skuCode": {
            "value": "B1"
        },
        "numberOfWorkers": {
            "value": "1"
        },
        "workerSize": {
            "value": "0"
        },
        "workerSizeId": {
            "value": "0"
        },
        "linuxFxVersion": {
            "value": "NODE|16-lts"
        }
    }
}